example_id,PredictionString,question,answer
-1011141123527297803_long,,association of producers that control supply and prices,> ▁ < / li > ▁ < li > ▁barriers
-1011141123527297803_short,56:57,association of producers that control supply and prices,>
-1028916936938579349_long,,norman cook you've come a long way,▁album ▁by ▁fat boy ▁slim ▁ < / th > ▁
-1028916936938579349_short,62:63,norman cook you've come a long way,▁album
-1055197305756217938_long,40:50,kanchana 2 film kanchana 2 film kanchana 2 film kanchana 2 film kanchana 2 film,> ▁ < th > ▁produced ▁by ▁ < / th
-1055197305756217938_short,40:41,kanchana 2 film kanchana 2 film kanchana 2 film kanchana 2 film kanchana 2 film,>
-1074129516932871805_long,,who appoint the judge of supreme court and high court,▁1950 ▁ - ▁ 01 ▁ - ▁28 ▁ ) ▁
-1074129516932871805_short,66:67,who appoint the judge of supreme court and high court,▁1950
-1114334749483663139_long,,who released the time capsule in one tree hill,▁ < t d > ▁22 ▁ < / t d
-1114334749483663139_short,58:59,who released the time capsule in one tree hill,▁
-1152268629614456016_long,,what feature introduced with windows server 2008 provides only a limited gui,▁ < / t d > ▁ < / tr >
-1152268629614456016_short,53:54,what feature introduced with windows server 2008 provides only a limited gui,▁
-1219507076732106786_long,,how do the philosophers of china influence the present day civilization,▁traditional ▁chinese ▁ < / th > ▁ < t d
-1219507076732106786_short,49:50,how do the philosophers of china influence the present day civilization,▁traditional
-1220107454853145579_long,,who is the south african high commissioner in london,2 n ▁5 dp ▁ < / t d > ▁
-1220107454853145579_short,55:56,who is the south african high commissioner in london,2
-1237358188352001279_long,61:144,regions and provinces in the philippines and their capitals,< tr > ▁ < t d > ▁legislature ▁ (
-1237358188352001279_short,61:62,regions and provinces in the philippines and their capitals,<
-1316307078555615068_long,,lyrics a change is going to come sam cooke,> ▁from ▁the ▁album ▁a i ▁ n ' t ▁that
-1316307078555615068_short,53:54,lyrics a change is going to come sam cooke,>
-1521618734431802363_long,,how many law enforcement officers are there in the usa,> ▁ < li > ▁executive ▁ < / li >
-1521618734431802363_short,54:55,how many law enforcement officers are there in the usa,>
-1560939115027122612_long,,why do female tarantulas live longer than males,▁ ( ▁learn ▁how ▁and ▁when ▁to ▁remove ▁this ▁template ▁message
-1560939115027122612_short,82:83,why do female tarantulas live longer than males,▁
-1636829004676923357_long,,where did the battle of edington take place,▁ < / tr > ▁ < tr > ▁ <
-1636829004676923357_short,61:62,where did the battle of edington take place,▁
-1651666484583736653_long,,is there an in n out burger in hawaii,▁ < / tr > ▁ < tr > ▁ <
-1651666484583736653_short,54:55,is there an in n out burger in hawaii,▁
-1883092661126100958_long,,comic book character owned by dc and marvel,▁company ▁ < / th > ▁ < t d >
-1883092661126100958_short,69:70,comic book character owned by dc and marvel,▁company
-196591140811642071_long,,who discovered the existence of nucleus in a eukaryotic cell,"2 "" > ▁the ▁animal ▁cell ▁ < / t d"
-196591140811642071_short,79:80,who discovered the existence of nucleus in a eukaryotic cell,2
-2014171866821038290_long,,where was the movie just getting started filmed,ber ▁ < / li > ▁ < li > ▁steve
-2014171866821038290_short,50:51,where was the movie just getting started filmed,ber
-2032714444673581121_long,,how old are you when you're in 8th grade america,"▁year ▁of ▁formal ▁education ▁in ▁the ▁us ▁ , ▁and ▁is"
-2032714444673581121_short,88:89,how old are you when you're in 8th grade america,▁year
-2055488406244365439_long,,what two court systems in the united states,▁of ▁the ▁individual ▁states ▁and ▁counties ▁ . ▁because ▁of ▁the
-2055488406244365439_short,126:127,what two court systems in the united states,▁of
-2091762854544917038_long,,the san andreas fault zone is an example of,t d > ▁ < / tr > ▁ < tr
-2091762854544917038_short,69:70,the san andreas fault zone is an example of,t
-2112274039576757070_long,,india's communication satellite insat-4b was launched from,▁0 07 a ▁ < / t d > ▁ <
-2112274039576757070_short,43:44,india's communication satellite insat-4b was launched from,▁0
-2134450945573111305_long,57:68,who plays tara on buffy the vampire slayer,▁ < tr > ▁ < th > ▁residence ▁ <
-2134450945573111305_short,57:58,who plays tara on buffy the vampire slayer,▁
-2161897786748090136_long,,where is the ball placed on a touchback in the nfl,"▁a ▁play ▁ , ▁but ▁a ▁result ▁of ▁events ▁that ▁may"
-2161897786748090136_short,113:114,where is the ball placed on a touchback in the nfl,▁a
-2170763662842723965_long,,who did the tv coverage play by play announcer for super bowl lii,▁determined ▁by ▁the ▁tv ▁contracts ▁that ▁the ▁league ▁negotiate s ▁with
-2170763662842723965_short,114:115,who did the tv coverage play by play announcer for super bowl lii,▁determined
-22033091112709594_long,,where are you going where have you gone,"▁all ▁over ▁now ▁ , ▁baby ▁blue ▁ "" ▁ ."
-22033091112709594_short,120:121,where are you going where have you gone,▁all
-2212616161423956567_long,50:63,where was the movie magic in the water filmed,▁ < tr > ▁ < th > ▁screenplay ▁by ▁
-2212616161423956567_short,50:51,where was the movie magic in the water filmed,▁
-2225412054239195091_long,,who plays matt donovan's mom on vampire diaries,▁ ) ▁ ( ▁learn ▁how ▁and ▁when ▁to ▁remove ▁this
-2225412054239195091_short,94:95,who plays matt donovan's mom on vampire diaries,▁
-2320963541249468565_long,52:71,who plays jon snow on game of thrones,▁ < tr > ▁ < th > ▁residence ▁ <
-2320963541249468565_short,52:53,who plays jon snow on game of thrones,▁
-2358976158420066742_long,,when did the british regain control of georgia,▁ . ▁ ( ▁february ▁2010 ▁ ) ▁ < /
-2358976158420066742_short,98:99,when did the british regain control of georgia,▁
-2361714467014356555_long,,asian games 2018 medal tally as of august 27 2018,▁ ) ▁ < / li > ▁ < li >
-2361714467014356555_short,62:63,asian games 2018 medal tally as of august 27 2018,▁
-2386095046263137720_long,,what is the plot of streetcar named desire,▁ < th > ▁characters ▁ < / th > ▁
-2386095046263137720_short,57:58,what is the plot of streetcar named desire,▁
-2422777757138861314_long,131:233,how does the supreme court nomination process work,> ▁senate ▁clo ture ▁rules ▁historically ▁required ▁a ▁two ▁ -
-2422777757138861314_short,131:132,how does the supreme court nomination process work,>
-2477049129099342199_long,,what is the heaviest thing ever lifted by a human,< th > ▁ < / th > ▁ < t
-2477049129099342199_short,50:51,what is the heaviest thing ever lifted by a human,<
-2530382381825377919_long,,during their invasion of the united states british forces,"col s pan = "" 2 "" > ▁ < table"
-2530382381825377919_short,54:55,during their invasion of the united states british forces,col
-25395840162770885_long,,what's the highest temperature ever recorded in arizona,▁ ( ▁ s ▁ ) ▁ < / th >
-25395840162770885_short,72:73,what's the highest temperature ever recorded in arizona,▁
-2581746668166827247_long,,where does the water go in cellular respiration,/ li > ▁ < li > ▁3 ▁fermentation ▁ <
-2581746668166827247_short,83:84,where does the water go in cellular respiration,/
-2645770701190687869_long,,when did the cure for syphilis come out,▁and ▁erich ▁hoffmann ▁in ▁1905 ▁ . ▁the ▁first ▁effective ▁treatment
-2645770701190687869_short,103:104,when did the cure for syphilis come out,▁and
-2807448836245685364_long,,where was the third round table conference held,▁by ▁the ▁simon ▁commission ▁in ▁may ▁1930 ▁ . ▁demands ▁for
-2807448836245685364_short,122:123,where was the third round table conference held,▁by
-2808454768760353582_long,,list of current pakistani federal ministers & governors,< li > ▁3 ▁references ▁ < / li > ▁
-2808454768760353582_short,89:90,list of current pakistani federal ministers & governors,<
-2811157450713284113_long,,when was the last time the diamondbacks made the playoffs,▁the ▁team ▁ . ▁ < / p > ▁ <
-2811157450713284113_short,110:111,when was the last time the diamondbacks made the playoffs,▁the
-2963130830835904062_long,,list and discuss the sources of the nigerian law,▁ek pe ▁and ▁ok on ko ▁of ▁ ig bo land
-2963130830835904062_short,126:127,list and discuss the sources of the nigerian law,▁ek
-2979357387325934253_long,,when does it rain the most in uk,▁ n . ▁it ▁is ▁on ▁the ▁western ▁sea board ▁of
-2979357387325934253_short,87:88,when does it rain the most in uk,▁
-301232088579219472_long,,who is maria out of coronation street married to in real life,", ▁greater ▁manchester ▁ , ▁england ▁ < / t d"
-301232088579219472_short,54:55,who is maria out of coronation street married to in real life,","
-3043600727071341210_long,,where does chuck noland live in cast away,< th > ▁produced ▁by ▁ < / th > ▁
-3043600727071341210_short,53:54,where does chuck noland live in cast away,<
-3051406761512810096_long,56:76,ga ga pa pa da pa sa sa,▁ < ul > ▁ < li > ▁ s hr
-3051406761512810096_short,56:57,ga ga pa pa da pa sa sa,▁
-3116751773930955372_long,,what kind of tissue can be found in the dermis,▁of ▁ < / th > ▁ < t d >
-3116751773930955372_short,39:40,what kind of tissue can be found in the dermis,▁of
-3122896243203126875_long,,how long is the drive to charlotte north carolina,media ▁ © ▁open street map ▁i ▁ - ▁ 485
-3122896243203126875_short,55:56,how long is the drive to charlotte north carolina,media
-3139535124081102692_long,,what is the traditional 20th wedding anniversary gift,li > ▁5 ▁gem stone ▁gifts ▁ < / li >
-3139535124081102692_short,88:89,what is the traditional 20th wedding anniversary gift,li
-3196362951942914372_long,,who has been in the most ryder cups,< / t d > ▁ < / tr > ▁
-3196362951942914372_short,45:46,who has been in the most ryder cups,<
-3212925740699636016_long,,what is the fatty acid in coconut oil,"▁high ▁levels ▁of ▁saturated ▁fat ▁ , ▁the ▁world ▁health ▁organization"
-3212925740699636016_short,109:110,what is the fatty acid in coconut oil,▁high
-324589882868607368_long,,the purpose of the virginia company's headright system was,▁for ▁the ▁transportation ▁costs ▁of ▁a ▁labor er ▁or ▁slaves ▁
-324589882868607368_short,114:115,the purpose of the virginia company's headright system was,▁for
-3268757779335879238_long,,who plays nebula guardians of the galaxy 2,▁ < / t d > ▁ < / tr >
-3268757779335879238_short,62:63,who plays nebula guardians of the galaxy 2,▁
-332839753184669166_long,,yankees vs twins wild card game box score,< th > ▁6 ▁ < / th > ▁ <
-332839753184669166_short,50:51,yankees vs twins wild card game box score,<
-3375977262054555871_long,,terry troutman more bounce to the ounce - single version,tr > ▁ < tr > ▁ < th > ▁b
-3375977262054555871_short,44:45,terry troutman more bounce to the ounce - single version,tr
-3401345000915256454_long,,who are the owners of the carolina hurricanes,▁ < th > ▁conference ▁ < / th > ▁
-3401345000915256454_short,60:61,who are the owners of the carolina hurricanes,▁
-3443607395589313327_long,,who directed the oscar winning 1982 movie gandhi,/ t d > ▁ < / tr > ▁ <
-3443607395589313327_short,45:46,who directed the oscar winning 1982 movie gandhi,/
-3461207570097431362_long,,is marshalls and tj maxx the same store,▁genre ▁ < / th > ▁ < t d >
-3461207570097431362_short,44:45,is marshalls and tj maxx the same store,▁genre
-3558433819061511526_long,52:64,when did the elgin marbles come to england,tr > ▁ < th > ▁year ▁ < / th
-3558433819061511526_short,52:53,when did the elgin marbles come to england,tr
-356028136475705117_long,,who was the first person to wear ripped jeans,"▁trousers ▁ , ▁the ▁term ▁ "" ▁blue ▁jeans ▁ """
-356028136475705117_short,111:112,who was the first person to wear ripped jeans,▁trousers
-3564167666631898036_long,,song hit me with your best shot by pat benatar,▁of ▁passion ▁ < / th > ▁ < / tr
-3564167666631898036_short,52:53,song hit me with your best shot by pat benatar,▁of
-3582606475690607865_long,,how many floors does the highest building in the world have,▁ < li > ▁4 ▁proposed ▁buildings ▁ < / li
-3582606475690607865_short,97:98,how many floors does the highest building in the world have,▁
-3614843549930839543_long,50:59,50 cent i've got the magic stick,< tr > ▁ < th > ▁format ▁ < /
-3614843549930839543_short,50:51,50 cent i've got the magic stick,<
-3652094434423830699_long,,who did simple simon meet going to the fair,▁nursery ▁rhyme ▁ < / th > ▁ < / tr
-3652094434423830699_short,66:67,who did simple simon meet going to the fair,▁nursery
-3726583536740990344_long,116:839,what state has the most trees in the united states,▁ < table > ▁ < tr > ▁ < th
-3726583536740990344_short,116:117,what state has the most trees in the united states,▁
-3803846886513985013_long,,who owned the first commercial bank in the bahamas,▁ ° ▁w ▁ / ▁25 . 07 65 ▁ ;
-3803846886513985013_short,61:62,who owned the first commercial bank in the bahamas,▁
-3862208508121521727_long,,connection between hannibal and silence of the lambs,▁ < / t d > ▁ < / tr >
-3862208508121521727_short,49:50,connection between hannibal and silence of the lambs,▁
-3871217430529110281_long,,who played ned schneebly in school of rock,> ▁ < t d > ▁richard ▁link later ▁ <
-3871217430529110281_short,68:69,who played ned schneebly in school of rock,>
-3888534429592363699_long,,how did european countries use their pacific island colonies,▁ < / li > ▁ < li > ▁1 .
-3888534429592363699_short,62:63,how did european countries use their pacific island colonies,▁
-3901470820412472830_long,,when was the last time boston college football was ranked,▁51 st ▁all ▁ - ▁time ▁in ▁win ▁ - ▁loss
-3901470820412472830_short,125:126,when was the last time boston college football was ranked,▁51
-4021016352137149262_long,,what is the salary of the u.s. ambassador to the united nations,"> ▁incumbent ▁nikki ▁haley ▁since ▁january ▁27 ▁ , ▁2017 ▁"
-4021016352137149262_short,53:54,what is the salary of the u.s. ambassador to the united nations,>
-4026636040544101846_long,,describe the traditional method of fishing in zambia,"▁applied ▁to ▁catching ▁farm ed ▁fish ▁ , ▁or ▁to ▁aquatic"
-4026636040544101846_short,98:99,describe the traditional method of fishing in zambia,▁applied
-4036246680705840824_long,,give the formula of propanol and indicate the alkyl group,▁prop an ▁ - ▁1 ▁ - ▁ol ▁ < /
-4036246680705840824_short,36:37,give the formula of propanol and indicate the alkyl group,▁prop
-4106074886122933774_long,,when does stella's last weekend come out,▁ < th > ▁directed ▁by ▁ < / th >
-4106074886122933774_short,53:54,when does stella's last weekend come out,▁
-4219818139653637204_long,,how did the destroyers for bases agreement of 1940 help britain and its allies,"▁piper s ▁ "" ▁after ▁their ▁four ▁funnel s ▁ )"
-4219818139653637204_short,114:115,how did the destroyers for bases agreement of 1940 help britain and its allies,▁piper
-4272534107707544382_long,,who does the united states owe money too,th > ▁budget ▁and ▁debt ▁in ▁the ▁united ▁states ▁of ▁america
-4272534107707544382_short,80:81,who does the united states owe money too,th
-430548376093792225_long,,when did they finish building the sydney opera house,▁of ▁australia ▁show ▁all ▁ < / t d > ▁
-430548376093792225_short,68:69,when did they finish building the sydney opera house,▁of
-4328558629320992906_long,,how do i find a phone number in france,▁regulator ▁ < / th > ▁ < t d >
-4328558629320992906_short,46:47,how do i find a phone number in france,▁regulator
-4445644701209740860_long,75:81,what is the play be more chill about,< tr > ▁ < t d _ col s pan
-4445644701209740860_short,75:76,what is the play be more chill about,<
-4473730733602934280_long,,oops i did it again heart of the ocean,< / th > ▁ < / tr > ▁ <
-4473730733602934280_short,50:51,oops i did it again heart of the ocean,<
-4479034721381494008_long,,why did greece not have a strict religious code,", ▁bla s phe my ▁laws ▁are ▁used ▁to ▁protect ▁the"
-4479034721381494008_short,93:94,why did greece not have a strict religious code,","
-4496571287990078868_long,,which of the following is most likely the result of horizontal gene transfer,▁transmission ▁of ▁dna ▁from ▁parent ▁to ▁offspring ▁ ( ▁reproduction ▁
-4496571287990078868_short,100:101,which of the following is most likely the result of horizontal gene transfer,▁transmission
-4498456121575304961_long,,which term below is a condition that may result in a collapsed lung,/ tr > ▁ < tr > ▁ < t d
-4498456121575304961_short,44:45,which term below is a condition that may result in a collapsed lung,/
-452469414502590960_long,60:71,night moves by bob seger & the silver bullet band,tr > ▁ < th > ▁released ▁ < / th
-452469414502590960_short,60:61,night moves by bob seger & the silver bullet band,tr
-4550374497385994954_long,,how many high school football teams are there in us,▁style ▁ . ▁ ( ▁august ▁2017 ▁ ) ▁ (
-4550374497385994954_short,93:94,how many high school football teams are there in us,▁style
-4592344564722679202_long,,sales from one subsidiary to another are called,> ▁ < / tr > ▁ < / table >
-4592344564722679202_short,90:91,sales from one subsidiary to another are called,>
-4602963743734414210_long,,one day at a time original theme song,< / t d > ▁ < / tr > ▁
-4602963743734414210_short,103:104,one day at a time original theme song,<
-4734654426504111295_long,,who went home on dancing with the stars juniors week 4,t d > ▁strictly ▁come ▁dancing ▁dancing ▁with ▁the ▁stars ▁
-4734654426504111295_short,47:48,who went home on dancing with the stars juniors week 4,t
-477148176962374307_long,,name two parts of the fugitive slave act,▁three ▁ . ▁ < / t d > ▁ <
-477148176962374307_short,88:89,name two parts of the fugitive slave act,▁three
-4862695314536943573_long,,who sings in my mind in my head,▁house ▁music ▁producer ▁and ▁dj ▁ivan ▁go ugh ▁and ▁the ▁house
-4862695314536943573_short,88:89,who sings in my mind in my head,▁house
-5190394570683712356_long,,the concept and various theories of justice in the western thought,". ▁fresco ▁ , ▁corner ▁of ▁the ▁vault ▁ , ▁studio"
-5190394570683712356_short,91:92,the concept and various theories of justice in the western thought,.
-5231116141547962238_long,,when did the roman empire move its capital,▁ ) ▁ < / t d > ▁ < /
-5231116141547962238_short,102:103,when did the roman empire move its capital,▁
-5240859753177937223_long,,what nfl team is the best of all time,< / h 2 > ▁george ▁ hala s ▁ (
-5240859753177937223_short,78:79,what nfl team is the best of all time,<
-5249710812891134006_long,,what episode of the office does sprinkles die,< / th > ▁ < t d > ▁greg ▁daniels
-5249710812891134006_short,61:62,what episode of the office does sprinkles die,<
-527762821355349151_long,,all of the following can be said about country music during the 2000s except,li > ▁2000 s ▁ < / li > ▁ <
-527762821355349151_short,60:61,all of the following can be said about country music during the 2000s except,li
-5290838505704529544_long,,the tragic love story of orpheus and eurydice,▁a ▁legend ▁in ▁which ▁orpheus ▁travels ▁to ▁tartar us ▁and ▁charm
-5290838505704529544_short,105:106,the tragic love story of orpheus and eurydice,▁a
-5316095317154496261_long,,when was i want to sing in opera written,tr > ▁ < tr > ▁ < th > ▁
-5316095317154496261_short,44:45,when was i want to sing in opera written,tr
-5458670314506620630_long,,what is one common characteristic of hindu art,▁indian ▁art ▁can ▁be ▁traced ▁to ▁pre - historic ▁settlements ▁in
-5458670314506620630_short,104:105,what is one common characteristic of hindu art,▁indian
-5571087252822430323_long,,seminole tribe of florida v florida case brief,> ▁ < / tr > ▁ < tr > ▁
-5571087252822430323_short,81:82,seminole tribe of florida v florida case brief,>
-5614977336646507873_long,,the saps has how many k9 units in south africa,"< th _ col s pan = "" 2 "" >"
-5614977336646507873_short,83:84,the saps has how many k9 units in south africa,<
-5902735205614223305_long,,what borough is the city of london in,/ t d > ▁ < / tr > ▁ <
-5902735205614223305_short,81:82,what borough is the city of london in,/
-6053043156643488864_long,,when did harry styles write just a little bit of your heart,"▁sali bian ▁ , ▁tyler ▁johnson ▁ , ▁and ▁ryan ▁nas"
-6053043156643488864_short,109:110,when did harry styles write just a little bit of your heart,▁sali
-6081916661737798514_long,,when was the last time the yankees and red sox played in playoffs,"> ▁october ▁9 ▁ , ▁2018 ▁yankee ▁stadium ▁ , ▁bronx"
-6081916661737798514_short,60:61,when was the last time the yankees and red sox played in playoffs,>
-6149714447990410023_long,68:107,do you love your mom and her two-hit multi-target attacks novel,< tr > ▁ < th _ col s pan =
-6149714447990410023_short,68:69,do you love your mom and her two-hit multi-target attacks novel,<
-6180029695273213437_long,,where does the right coronary artery supply blood to,▁ascending ▁a or ta ▁ < / t d > ▁
-6180029695273213437_short,49:50,where does the right coronary artery supply blood to,▁ascending
-6218651186569760726_long,,who sang for meryl streep in florence foster jenkins,▁ < / th > ▁ < t d > ▁
-6218651186569760726_short,53:54,who sang for meryl streep in florence foster jenkins,▁
-6298765460196571936_long,,boy in the striped pajamas where was it filmed,< th > ▁produced ▁by ▁ < / th > ▁
-6298765460196571936_short,54:55,boy in the striped pajamas where was it filmed,<
-6323397732231431355_long,,what is the status of puerto rico to the united states,> ▁ < / ul > ▁ < / t d
-6323397732231431355_short,67:68,what is the status of puerto rico to the united states,>
-6363382149580295498_long,,the intrapleural pressure is greater than the intrapulmonary pressure,▁cavity ▁ . ▁ < / p > ▁ < p
-6363382149580295498_short,97:98,the intrapleural pressure is greater than the intrapulmonary pressure,▁cavity
-6409827584215212865_long,,why was the prussian army a superior force,tr > ▁ < tr > ▁ < th > ▁allegiance
-6409827584215212865_short,44:45,why was the prussian army a superior force,tr
-6434512577561254303_long,,discuss various pointing and selection inking and painting devices,▁the ▁physical ▁desktop ▁and ▁ activating ▁switches ▁on ▁the ▁mouse ▁
-6434512577561254303_short,120:121,discuss various pointing and selection inking and painting devices,▁the
-6494956456149640867_long,,short haired girl in orange is the new black,ji ▁ko han ▁that ▁air s ▁on ▁netflix ▁ . ▁it
-6494956456149640867_short,92:93,short haired girl in orange is the new black,ji
-6543814744070307596_long,,what episode of how i met your mother is the slap bet,< t d > ▁pamela ▁fry man ▁ < / t
-6543814744070307596_short,57:58,what episode of how i met your mother is the slap bet,<
-657449628892962677_long,,when does daylight saving time end in ontario,▁ . ▁ < p > ▁the ▁canadian ▁province ▁of ▁saskatchewan
-657449628892962677_short,96:97,when does daylight saving time end in ontario,▁
-66688804835093544_long,,where does barbacoa come from on a cow,' ko a ▁ ( ▁help ▁info ▁ ) ▁ )
-66688804835093544_short,80:81,where does barbacoa come from on a cow,'
-6670501836088439982_long,,where did the english population in north america settle,< / li > ▁ < li > ▁7 ▁references ▁
-6670501836088439982_short,86:87,where did the english population in north america settle,<
-6714088971745431608_long,50:60,what was the first black president of the united states,"> ▁ < th _ col s pan = "" 2"
-6714088971745431608_short,50:51,what was the first black president of the united states,>
-6739468307275589778_long,,major events in us history in the 1980s,> ▁ < li > ▁2 ▁1980 s ▁ < ul
-6739468307275589778_short,74:75,major events in us history in the 1980s,>
-6791970074082170734_long,,when did short shorts go out of style,▁in ▁warm ▁weather ▁or ▁in ▁an ▁environment ▁where ▁comfort ▁and ▁air
-6791970074082170734_short,116:117,when did short shorts go out of style,▁in
-6804121595151966068_long,,who is the actor that plays ted in how i met your mother,tr > ▁ < tr > ▁ < th > ▁residence
-6804121595151966068_short,53:54,who is the actor that plays ted in how i met your mother,tr
-6808782971978873013_long,,india’s 1st gold medallist at the jakarta asian games 2018,t d > ▁indian ▁olympic ▁association ▁ < / t d
-6808782971978873013_short,49:50,india’s 1st gold medallist at the jakarta asian games 2018,t
-6898229136246231850_long,,what is an operating system explain various types of operating systems in detail,▁drivers ▁ < / li > ▁ < li > ▁networking
-6898229136246231850_short,47:48,what is an operating system explain various types of operating systems in detail,▁drivers
-697706369125523422_long,,next olympics games will be held in which country,( ▁japanese ▁ : ▁ 未来 ▁ ( ▁ あした ▁
-697706369125523422_short,63:64,next olympics games will be held in which country,(
-700658616128388515_long,,google take me to the new york state thruway,> ▁ wiki media ▁ © ▁open street map ▁map ▁of
-700658616128388515_short,54:55,google take me to the new york state thruway,>
-7087409479578734345_long,,name of all the states and their capitals in india,▁nutrition ▁ < / li > ▁ < li > ▁crime
-7087409479578734345_short,58:59,name of all the states and their capitals in india,▁nutrition
-7099090827867532191_long,,who determines whether care provided is considered culturally safe,s ▁the ▁delivery ▁of ▁health ▁services ▁ . ▁the ▁third ▁one
-7099090827867532191_short,126:127,who determines whether care provided is considered culturally safe,s
-7116062623163449442_long,,what kind of music is memphis known for,▁ ak ▁ < / li > ▁ < li >
-7116062623163449442_short,75:76,what kind of music is memphis known for,▁
-7154717714920188917_long,,where did the ice cream sundae come from,▁to ▁remove ▁this ▁template ▁message ▁ ) ▁ < / t
-7154717714920188917_short,95:96,where did the ice cream sundae come from,▁to
-723797595240934196_long,,list 5 ways in which gao supports congressional oversight,"▁of ▁federal ▁agencies ▁ , ▁programs ▁ , ▁activities ▁ ,"
-723797595240934196_short,95:96,list 5 ways in which gao supports congressional oversight,▁of
-7241280944487067062_long,,who sang journey to the past in anastasia,▁ < / tr > ▁ < tr > ▁ <
-7241280944487067062_short,55:56,who sang journey to the past in anastasia,▁
-7267961257512156169_long,,who won the war between athens and sparta,▁learn ▁how ▁and ▁when ▁to ▁remove ▁this ▁template ▁message ▁ )
-7267961257512156169_short,88:89,who won the war between athens and sparta,▁learn
-7341065354441938421_long,,most viewed youtube music video in 24 hours record,▁the ▁video ▁is ▁not ▁a ▁music ▁video ▁or ▁song ▁ .
-7341065354441938421_short,106:107,most viewed youtube music video in 24 hours record,▁the
-7430088119366486278_long,,game of thrones takes place in what year,< / t d > ▁ < / tr > ▁
-7430088119366486278_short,77:78,game of thrones takes place in what year,<
-7430792570566439604_long,,what kind of wildlife is found in the canadian sheild region,> ▁ < t d > ▁laurent ian ▁up land ▁kazan
-7430792570566439604_short,46:47,what kind of wildlife is found in the canadian sheild region,>
-7473086642300315642_long,,where does the black forest cake come from,t d > ▁ < / tr > ▁ < tr
-7473086642300315642_short,55:56,where does the black forest cake come from,t
-7537447137505972289_long,,who was indias president when its first nuclear tests were conducted,> ▁country ▁ < / th > ▁ < t d
-7537447137505972289_short,46:47,who was indias president when its first nuclear tests were conducted,>
-7710486377879355011_long,,name two types of sieve elements found in phloem,▁compounds ▁made ▁during ▁photos yn the sis ▁ . ▁ sie
-7710486377879355011_short,88:89,name two types of sieve elements found in phloem,▁compounds
-7723335131681067298_long,,break for the german border top gear full episode,▁may ▁ < / li > ▁ < / ul >
-7723335131681067298_short,51:52,break for the german border top gear full episode,▁may
-7754745882663463222_long,,how much does the us and china trade,▁executive ▁actions ▁ < ul > ▁ < li > ▁proclamation
-7754745882663463222_short,61:62,how much does the us and china trade,▁executive
-7807529499694397292_long,,habersham county mud creek precinct in northeastern georgia,▁ < t d > ▁seal ▁ < / t d
-7807529499694397292_short,39:40,habersham county mud creek precinct in northeastern georgia,▁
-786452303016887508_long,,what is k to 12 program of deped,▁template ▁message ▁ ) ▁ < / t d > ▁
-786452303016887508_short,92:93,what is k to 12 program of deped,▁template
-7899881196616738741_long,,what is the website of swachh bharat mission,"col s pan = "" 2 "" > ▁pm ▁launches ▁swa"
-7899881196616738741_short,44:45,what is the website of swachh bharat mission,col
-790114110018995485_long,,how many us presidents served in the civil war,"▁followed ▁by ▁state ▁militia s ▁at ▁9 ▁ , ▁navy ▁"
-790114110018995485_short,117:118,how many us presidents served in the civil war,▁followed
-8008153566491762118_long,,describe the three false conclusions of adolescent egocentrism,s ▁own ▁admiration ▁ . ▁both ▁ego t ists ▁and ▁narc
-8008153566491762118_short,94:95,describe the three false conclusions of adolescent egocentrism,s
-8079973219965331724_long,,who is in the car with tyler in who dat boy,tr > ▁ < tr > ▁ < th > ▁released
-8079973219965331724_short,45:46,who is in the car with tyler in who dat boy,tr
-8080840187735702908_long,,when did one direction go on a break,< th > ▁origin ▁ < / th > ▁ <
-8080840187735702908_short,60:61,when did one direction go on a break,<
-8116975568046358937_long,,which city is not a part of delhi ncr,"▁ < t d _ col s pan = "" 2"
-8116975568046358937_short,74:75,which city is not a part of delhi ncr,▁
-812009433240684812_long,,describe the important features of democracy with reference to india,"▁is ▁a ▁secular ▁nation ▁ . ▁however ▁ , ▁neither ▁india"
-812009433240684812_short,88:89,describe the important features of democracy with reference to india,▁is
-8153331489994186161_long,,what does peter say to lois in ptv,< th > ▁episode ▁no ▁ . ▁ < / th
-8153331489994186161_short,55:56,what does peter say to lois in ptv,<
-8161758226997940269_long,,what part of the bible is the serenity prayer,▁in ▁a ▁magazine ▁column ▁ . ▁the ▁prayer ▁spread ▁through ▁
-8161758226997940269_short,108:109,what part of the bible is the serenity prayer,▁in
-8208740459851986084_long,,when did the flamingo open in las vegas,"= "" 2 "" > ▁flaming o ▁las ▁vegas ▁in ▁2005"
-8208740459851986084_short,63:64,when did the flamingo open in las vegas,=
-8232502904250181946_long,,where did coach k go to high school,▁ < th > ▁title ▁ < / th > ▁
-8232502904250181946_short,51:52,where did coach k go to high school,▁
-8260765274544672220_long,,are universal life church marriages legal in north carolina,▁over ▁such ▁issues ▁as ▁the ▁validity ▁of ▁ ordination s ▁and
-8260765274544672220_short,102:103,are universal life church marriages legal in north carolina,▁over
-840493626518763763_long,,where is jersey shore vacation part 2 filmed,< th > ▁developed ▁by ▁ < / th > ▁
-840493626518763763_short,62:63,where is jersey shore vacation part 2 filmed,<
-8526204458464385509_long,,band of joy for what it's worth,< / th > ▁ < t d > ▁west ▁bromwich
-8526204458464385509_short,56:57,band of joy for what it's worth,<
-871487000194429353_long,,does minute maid orange juice have to be refrigerated,"t d > ▁sugar ▁land ▁town ▁square ▁first ▁colony ▁ ,"
-871487000194429353_short,52:53,does minute maid orange juice have to be refrigerated,t
-8724786492706035378_long,,who sings i don't want to live forever,▁ < / tr > ▁ < tr > ▁ <
-8724786492706035378_short,57:58,who sings i don't want to live forever,▁
-8752372642178983917_long,,who does the voices in ice age collision course,▁for te ▁ < / t d > ▁ < /
-8752372642178983917_short,50:51,who does the voices in ice age collision course,▁for
-8908130259426804995_long,,where does the phrase god bless you come from,"▁to ▁a ▁ s nee ze ▁ , ▁and ▁also ▁"
-8908130259426804995_short,83:84,where does the phrase god bless you come from,▁to
-896667357940908006_long,,who was the first indian living postage stamp of india,"▁arrival ▁of ▁european s ▁ . ▁when ▁the ▁portuguese ▁ ,"
-896667357940908006_short,117:118,who was the first indian living postage stamp of india,▁arrival
-9017879887869944707_long,,countries where there is no extradition to the us,▁law ▁such ▁as ▁a ▁crime ▁that ▁is ▁violent ▁in ▁nature ▁
-9017879887869944707_short,118:119,countries where there is no extradition to the us,▁law
-9030298026304897796_long,,who is the statue of libertys face modeled after,▁ < th > ▁location ▁ < / th > ▁
-9030298026304897796_short,57:58,who is the statue of libertys face modeled after,▁
-904640372616801997_long,49:58,historical events in nigeria from 1960 till date,tr > ▁ < t d > ▁early ▁history ▁ <
-904640372616801997_short,49:50,historical events in nigeria from 1960 till date,tr
-9076824655968712429_long,,where did the idea of engagement rings come from,"▁wear ▁matching ▁rings ▁ , ▁and ▁engagement ▁rings ▁may ▁also ▁be"
-9076824655968712429_short,128:129,where did the idea of engagement rings come from,▁wear
-9106782542406690435_long,,who has the highest score in test cricket,▁counted ▁toward ▁first ▁ - ▁class ▁records ▁ . ▁the ▁duration
-9106782542406690435_short,117:118,who has the highest score in test cricket,▁counted
-9198586108074363474_long,,how old do you have to be to dropout of school in georgia,▁of ▁the ▁child ▁ < / li > ▁ < li
-9198586108074363474_short,63:64,how old do you have to be to dropout of school in georgia,▁of
-969876909610971000_long,,what is the definition of gulf of mexico,th > ▁coordinates ▁ < / th > ▁ < t
-969876909610971000_short,59:60,what is the definition of gulf of mexico,th
1027713819871831920_long,,what is the pe ratio of a company,"- ▁2012 ▁ ) ▁ , ▁from ▁irrational ▁ex uber ance"
1027713819871831920_short,83:84,what is the pe ratio of a company,-
1129925898638463582_long,,what engine is in a 2005 bmw 325i,> ▁bmw ▁ < / t d > ▁ < /
1129925898638463582_short,42:43,what engine is in a 2005 bmw 325i,>
1164466977873710030_long,,what's the latest episode of grey's anatomy,li > ▁chandra ▁wilson ▁ < / li > ▁ <
1164466977873710030_short,50:51,what's the latest episode of grey's anatomy,li
1166366462619398660_long,,where was the first sample of ascorbic acid isolated from,"t d _ col s pan = "" 2 "" >"
1166366462619398660_short,54:55,where was the first sample of ascorbic acid isolated from,t
1197500296682292168_long,,who went home on big brother bailey or rockstar,s ▁ < / th > ▁ < / tr >
1197500296682292168_short,41:42,who went home on big brother bailey or rockstar,s
1248226579867336453_long,,why do the dallas cowboys have a star on their helmet,"▁ , ▁texas ▁ < / t d > ▁ <"
1248226579867336453_short,61:62,why do the dallas cowboys have a star on their helmet,▁
1251282336679851336_long,,who is echo and what was her fate,> ▁symbol ▁ < / th > ▁ < t d
1251282336679851336_short,58:59,who is echo and what was her fate,>
1308425461291118767_long,,in jazz a pick-up is used to amplify acoustic instruments such as the guitar and bass,"▁ron ▁carter ▁pictured ▁playing ▁with ▁his ▁quartet ▁at ▁ "" ▁alt"
1308425461291118767_short,90:91,in jazz a pick-up is used to amplify acoustic instruments such as the guitar and bass,▁ron
1366839567636380585_long,59:69,who is samantha swanson a place to call home,tr > ▁ < th > ▁no . ▁of ▁episodes ▁
1366839567636380585_short,59:60,who is samantha swanson a place to call home,tr
1395579284094776556_long,,who played father brown in the tv series,▁ ( ▁novel ▁ ) ▁ < / t d >
1395579284094776556_short,47:48,who played father brown in the tv series,▁
1395786266554484516_long,,royal dental hospital of melbourne - rdhm carlton vic,"▁and ▁provides ▁general ▁ , ▁specialist ▁and ▁emergency ▁dental ▁care ▁to"
1395786266554484516_short,89:90,royal dental hospital of melbourne - rdhm carlton vic,▁and
1469147339153319404_long,,where is the driving license number on a uk license,th > ▁type ▁of ▁document ▁ < / th > ▁
1469147339153319404_short,55:56,where is the driving license number on a uk license,th
1482967057974951486_long,,when did kobe bryant change his jersey number,> ▁nationality ▁ < / th > ▁ < t d
1482967057974951486_short,54:55,when did kobe bryant change his jersey number,>
1555171723112804981_long,,who did the voice of john marston in red dead redemption,> ▁ < / tr > ▁ < tr > ▁
1555171723112804981_short,55:56,who did the voice of john marston in red dead redemption,>
155967008494754283_long,,who decides if something is used as currency,▁ < / li > ▁ < li > ▁iso ▁
155967008494754283_short,47:48,who decides if something is used as currency,▁
1566929061354369004_long,,what is the r in pearson correlation coefficient,▁total ▁negative ▁linear ▁correlation ▁ . ▁it ▁is ▁widely ▁used ▁in
1566929061354369004_short,109:110,what is the r in pearson correlation coefficient,▁total
1624296466024461878_long,69:87,who wrote the song i believe in christ,tr > ▁ < t d _ col s pan =
1624296466024461878_short,69:70,who wrote the song i believe in christ,tr
170183987061551946_long,,who sings the most popular version of hallelujah,▁cohen ▁ < / th > ▁ < / tr >
170183987061551946_short,50:51,who sings the most popular version of hallelujah,▁cohen
1822661487863905832_long,,how old do you have to be shot at a gun range,▁and ▁when ▁to ▁remove ▁this ▁template ▁message ▁ ) ▁ <
1822661487863905832_short,92:93,how old do you have to be shot at a gun range,▁and
1995118833540973352_long,,who was the incarnation of dharmadeva according to the mahabharata,/ p > ▁shan t anu ▁ < table > ▁
1995118833540973352_short,83:84,who was the incarnation of dharmadeva according to the mahabharata,/
2005764319279610330_long,74:93,when does the new season of the clone wars start,tr > ▁ < th > ▁genre ▁ < / th
2005764319279610330_short,74:75,when does the new season of the clone wars start,tr
2017376754185841680_long,,when does halloween michael myers come out 2018,< / li > ▁ < li > ▁jason ▁blu m
2017376754185841680_short,48:49,when does halloween michael myers come out 2018,<
2051713330334978562_long,,which of the following is a result of earth's current radiation balance,"▁ice ▁ , ▁atmosphere ▁ , ▁rocky ▁crust ▁ , ▁and"
2051713330334978562_short,109:110,which of the following is a result of earth's current radiation balance,▁ice
2053528874449406436_long,47:57,the names of the dads in mamma mia,< ul > ▁ < li > ▁judy ▁cray mer ▁
2053528874449406436_short,47:48,the names of the dads in mamma mia,<
2278063423961984140_long,,where is the first world series game being played 2018,/ t d > ▁ < t d > ▁manager ▁
2278063423961984140_short,47:48,where is the first world series game being played 2018,/
2331523736436851916_long,,is washington dc north or south of new york,▁2017 ▁estimate ▁ ) ▁ < / th > ▁ <
2331523736436851916_short,52:53,is washington dc north or south of new york,▁2017
2368303174387226686_long,,where is the next commonwealth games being held 2022,> ▁ < t d > ▁73 ▁commonwealth ▁nations ▁ (
2368303174387226686_short,51:52,where is the next commonwealth games being held 2022,>
2376173919358511235_long,,a break in the hose often used by firemen crossword clue,▁high ▁ - ▁speed ▁railways ▁ < / li > ▁
2376173919358511235_short,49:50,a break in the hose often used by firemen crossword clue,▁high
2383905089055082898_long,46:212,who wrote tips to look after your husband 1950,< tr > ▁ < t d > ▁history ▁ (
2383905089055082898_short,46:47,who wrote tips to look after your husband 1950,<
2495907198359182413_long,,where was the beach scene in the meg filmed,> ▁colin ▁wilson ▁ < / li > ▁ < li
2495907198359182413_short,44:45,where was the beach scene in the meg filmed,>
2553428798904427396_long,,how does bill of rights apply to states,▁judicial ▁review ▁ < / li > ▁ < / ul
2553428798904427396_short,59:60,how does bill of rights apply to states,▁judicial
2634881730797782202_long,,what is the purpose of a bindi worn on the forehead,▁originally ▁by ▁hindu s ▁and ▁jain s ▁ . ▁the ▁word
2634881730797782202_short,91:92,what is the purpose of a bindi worn on the forehead,▁originally
2679637513773829820_long,,who was the president when india's first nuclear tests were conducted,th > ▁country ▁ < / th > ▁ < t
2679637513773829820_short,46:47,who was the president when india's first nuclear tests were conducted,th
2689461865436770458_long,,flight of the conchords season 2 episode 5,▁season ▁2 ▁episode ▁5 ▁ < / t d > ▁
2689461865436770458_short,48:49,flight of the conchords season 2 episode 5,▁season
269558361863596617_long,,who cannot be removed by the process of impeachment,▁must ▁then ▁face ▁the ▁possibility ▁of ▁conviction ▁via ▁legislative ▁vote ▁
269558361863596617_short,116:117,who cannot be removed by the process of impeachment,▁must
2720907442757419789_long,,what is the purpose of code of practice,"▁occupational ▁health ▁and ▁safety ▁laws ▁and ▁regulations ▁ , ▁and ▁are"
2720907442757419789_short,130:131,what is the purpose of code of practice,▁occupational
2761755048085017743_long,,who plays the voice in a dog's purpose,d > ▁gavin ▁pol one ▁ < / t d >
2761755048085017743_short,49:50,who plays the voice in a dog's purpose,d
2805349201351623786_long,,racing driver who competed in the indianapolis 500 mile race,"▁the ▁two ▁races ▁ , ▁organized ▁by ▁separate ▁sanction ing ▁bodies"
2805349201351623786_short,118:119,racing driver who competed in the indianapolis 500 mile race,▁the
2935867962256611217_long,74:81,who does melanie end up with in sweet home alabama,tr > ▁ < t d _ col s pan =
2935867962256611217_short,74:75,who does melanie end up with in sweet home alabama,tr
2937732611174722386_long,,who is running for president in the 2018 election,▁ < / t d > ▁ < t d >
2937732611174722386_short,63:64,who is running for president in the 2018 election,▁
303531090295663541_long,,who is playing in the new movie a star is born,> ▁ < t d > ▁ < ul > ▁
303531090295663541_short,52:53,who is playing in the new movie a star is born,>
3116646252515938788_long,,what are the four most common types of key values,▁stored ▁and ▁retrieved ▁using ▁a ▁key ▁that ▁uniquely ▁identifies ▁the ▁record
3116646252515938788_short,111:112,what are the four most common types of key values,▁stored
3151018492665274696_long,,when did bolton become part of greater manchester,"< / th > ▁ < t d > ▁128 ,"
3151018492665274696_short,53:54,when did bolton become part of greater manchester,<
3171538367874749575_long,,when's the last time steelers won the superbowl,▁season ▁ : ▁1933 ▁play ▁in ▁ heinz ▁field ▁pittsburgh ▁
3171538367874749575_short,57:58,when's the last time steelers won the superbowl,▁season
3203035384644528250_long,,sweden drives on which side of the road,"▁to ▁the ▁right ▁ . ▁the ▁ "" ▁h ▁ """
3203035384644528250_short,101:102,sweden drives on which side of the road,▁to
3277434732226140888_long,,who is the owner of zenith bank plc,tr > ▁ < tr > ▁ < th > ▁industry
3277434732226140888_short,48:49,who is the owner of zenith bank plc,tr
3324198517078472844_long,,department of regional development territories and local government,< / tr > ▁ < tr > ▁ < th
3324198517078472844_short,66:67,department of regional development territories and local government,<
3368888228845289460_long,,where was shepherd of the hills filmed at,▁shepherd ▁of ▁the ▁hills ▁ < / th > ▁ <
3368888228845289460_short,77:78,where was shepherd of the hills filmed at,▁shepherd
3369712118882597450_long,47:74,who are the actors in the three stooges movie 2012,tr > ▁ < th > ▁produced ▁by ▁ < /
3369712118882597450_short,47:48,who are the actors in the three stooges movie 2012,tr
3407075285555463264_long,67:76,the girl with the dragon tattoo american sequel,< li > ▁the ▁girl ▁in ▁the ▁spider ▁ ' s
3407075285555463264_short,67:68,the girl with the dragon tattoo american sequel,<
3425938550993536413_long,,what university is located in ann arbor michigan,"> ▁ < t d > ▁art es ▁ , ▁"
3425938550993536413_short,66:67,what university is located in ann arbor michigan,>
3430634621381810532_long,,what does a music editor do in film,▁ < / p > ▁ < h 2 > ▁references
3430634621381810532_short,105:106,what does a music editor do in film,▁
3495907172477707865_long,,who did rachel have a baby with in friends,> ▁ < t d > ▁24 ▁ < / t
3495907172477707865_short,51:52,who did rachel have a baby with in friends,>
359495899108439662_long,42:134,when is i am frankie season 2 episode 2,▁ < tr > ▁ < th > ▁starring ▁ <
359495899108439662_short,42:43,when is i am frankie season 2 episode 2,▁
3676711914496226761_long,,difference between ipad 2nd generation and 4th generation,th > ▁ < t d > ▁i pad ▁ <
3676711914496226761_short,44:45,difference between ipad 2nd generation and 4th generation,th
3680817750529140547_long,,which of the following is not considered a sacred buddhist text,▁comment ari al ▁and ▁pseudo - can on ical ▁ .
3680817750529140547_short,115:116,which of the following is not considered a sacred buddhist text,▁comment
3707354950600243675_long,,what is the song they whistle in the breakfast club,< tr > ▁ < t d _ col s pan
3707354950600243675_short,51:52,what is the song they whistle in the breakfast club,<
3783580890276173009_long,,who are the characters in life of the party,▁ < t d > ▁ < ul > ▁ <
3783580890276173009_short,53:54,who are the characters in life of the party,▁
3842919949343917082_long,,ray parker jr im in love with the other woman,▁ < / tr > ▁ < tr > ▁ <
3842919949343917082_short,51:52,ray parker jr im in love with the other woman,▁
3915860074364066553_long,,what does the colors of spain's flag mean,< th > ▁proportion ▁ < / th > ▁ <
3915860074364066553_short,40:41,what does the colors of spain's flag mean,<
39766861609895092_long,,how many innings are in a mlb game,"▁at ▁bat ▁ . ▁however ▁ , ▁if ▁the ▁score ▁remains"
39766861609895092_short,120:121,how many innings are in a mlb game,▁at
3977985659376901964_long,,what kind of company is toys r us,> ▁ < tr > ▁ < th > ▁founded ▁
3977985659376901964_short,58:59,what kind of company is toys r us,>
4026141052159471435_long,,when does elena die and become a vampire,t d > ▁ < / tr > ▁ < tr
4026141052159471435_short,67:68,when does elena die and become a vampire,t
4026611122767529872_long,,how is tribal art reflected in their religion in africa,u ▁people ▁from ▁gabon ▁ ; ▁musee ▁du ▁qua i ▁bran
4026611122767529872_short,91:92,how is tribal art reflected in their religion in africa,u
4095779657125653786_long,,who played nick in once upon a time,< th > ▁occupation ▁ < / th > ▁ <
4095779657125653786_short,57:58,who played nick in once upon a time,<
4150567624364145017_long,,how many phases of water are in equilibrium at the triple point,"▁than ▁one ▁solid ▁phase ▁ , ▁for ▁substances ▁with ▁multiple ▁poly"
4150567624364145017_short,104:105,how many phases of water are in equilibrium at the triple point,▁than
4153219118929483698_long,,india won olympic gold medal in hockey 1948,/ t d > ▁ < / tr > ▁ <
4153219118929483698_short,50:51,india won olympic gold medal in hockey 1948,/
4162777531307934586_long,,what is the population of south korea in 2018,dae han ▁ming uk ▁ < / li > ▁ <
4162777531307934586_short,79:80,what is the population of south korea in 2018,dae
418890410382116795_long,,is it legal to take pictures of people's cars,▁primarily ▁with ▁the ▁english ▁ - ▁speaking ▁world ▁and ▁do ▁not
418890410382116795_short,96:97,is it legal to take pictures of people's cars,▁primarily
4235166607839832973_long,,where is a bearded dragon's heart located,< / tr > ▁ < tr > ▁ < t
4235166607839832973_short,34:35,where is a bearded dragon's heart located,<
4261771587928381888_long,45:59,who sang you can't get me im part of the union,< tr > ▁ < th > ▁b ▁ - ▁side
4261771587928381888_short,45:46,who sang you can't get me im part of the union,<
4287307773633534670_long,,when's the last time someone went to the moon,tr > ▁ < tr > ▁ < t d >
4287307773633534670_short,84:85,when's the last time someone went to the moon,tr
4320657045379344039_long,,what genre of architecture does the drawing show,▁project ▁ ) ▁that ▁falls ▁within ▁the ▁definition ▁of ▁architecture ▁
4320657045379344039_short,90:91,what genre of architecture does the drawing show,▁project
4329181023593403025_long,,who has more wins ohio state or michigan,▁michigan ▁20 ▁ < / t d > ▁ < /
4329181023593403025_short,65:66,who has more wins ohio state or michigan,▁michigan
4332907778765488156_long,,who voiced winnie the pooh in the movie christopher robin,/ th > ▁ < t d > ▁marc ▁for ster
4332907778765488156_short,69:70,who voiced winnie the pooh in the movie christopher robin,/
4349015306267339889_long,,why was the battle of quebec called the turning point of the war,▁ - ▁au ▁ - ▁mate lot ▁painting ▁by ▁c .
4349015306267339889_short,64:65,why was the battle of quebec called the turning point of the war,▁
4479633245922346787_long,,who sings started from the bottom now we here,> ▁released ▁ < / th > ▁ < t d
4479633245922346787_short,46:47,who sings started from the bottom now we here,>
4488854086541059964_long,,how many team participated in fifa world cup organised in russia from 14 june 15 july 2018,"d _ col s pan = "" 2 "" > ▁2018"
4488854086541059964_short,75:76,how many team participated in fifa world cup organised in russia from 14 june 15 july 2018,d
4548074189750870077_long,,what is the nz tax rate on paye,> ▁tax ▁law ▁ < / li > ▁ < li
4548074189750870077_short,52:53,what is the nz tax rate on paye,>
4561217867148188703_long,,ordre souverain et militaire du temple de jérusalem,t d > ▁ < t d > ▁this ▁article ▁may
4561217867148188703_short,94:95,ordre souverain et militaire du temple de jérusalem,t
4640548859154538040_long,63:75,what is the main idea of the cross of gold speech,▁ < tr > ▁ < th > ▁duration ▁ <
4640548859154538040_short,63:64,what is the main idea of the cross of gold speech,▁
4668886510928978362_long,,who was the original singer of heard it through the grapevine,"▁grape vine ▁ "" ▁ < / th > ▁ <"
4668886510928978362_short,92:93,who was the original singer of heard it through the grapevine,▁grape
4675948972874261267_long,,how do we find the mass number of an element,▁ ( ▁z ▁ ) ▁which ▁denotes ▁the ▁number ▁of ▁proton
4675948972874261267_short,116:117,how do we find the mass number of an element,▁
4723874854788782295_long,,what is the last control you should consider when using the hierarchy of control measures,▁ < / li > ▁ < li > ▁chemical ▁
4723874854788782295_short,87:88,what is the last control you should consider when using the hierarchy of control measures,▁
4739159254043531211_long,,what are 5 common sports played in puerto rico,▁be ▁traced ▁from ▁the ▁ceremonial ▁competitions ▁amongst ▁the ▁pre - columbian
4739159254043531211_short,71:72,what are 5 common sports played in puerto rico,▁be
4774513718149377942_long,,what are the minds two tracks and what is dual processing,▁psychology ▁ . ▁it ▁has ▁also ▁been ▁linked ▁with ▁economics ▁via
4774513718149377942_short,124:125,what are the minds two tracks and what is dual processing,▁psychology
4795286231398610424_long,,what city was the jackson 5 band founded,"< th _ col s pan = "" 2 "" >"
4795286231398610424_short,68:69,what city was the jackson 5 band founded,<
4847419304851593708_long,,what's the difference between ordinary and qualified dividends,▁tax ▁ < / li > ▁ < li > ▁excise
4847419304851593708_short,60:61,what's the difference between ordinary and qualified dividends,▁tax
4929152938620433356_long,,which of the following modes of nutrition is used by protists to fuel their metabolism,> ▁ < / tr > ▁ < tr > ▁
4929152938620433356_short,66:67,which of the following modes of nutrition is used by protists to fuel their metabolism,>
4948566282468868919_long,,where have i seen chelsea from home and away before,. ▁september ▁saw ▁the ▁arrival ▁of ▁chelsea ▁campbell ▁ . ▁dean
4948566282468868919_short,125:126,where have i seen chelsea from home and away before,.
4977367927590680491_long,,french soldier in all quiet on the western front,> ▁ < t d > ▁im ▁west en ▁ nich
4977367927590680491_short,69:70,french soldier in all quiet on the western front,>
499949502460429195_long,,when did the green bay packers go public,▁football ▁league ▁ ( ▁nfl ▁ ) ▁since ▁1921 ▁ .
499949502460429195_short,101:102,when did the green bay packers go public,▁football
500373082289986273_long,,what is a drain field for septic tanks,▁of ▁an ▁arrangement ▁of ▁trenches ▁containing ▁per for ated ▁pipes ▁and
500373082289986273_short,103:104,what is a drain field for septic tanks,▁of
5080186604306613689_long,,what does the centrosome do in a animal cell,▁center ▁ ( ▁mt oc ▁ ) ▁of ▁the ▁animal ▁cell
5080186604306613689_short,85:86,what does the centrosome do in a animal cell,▁center
5162657301421912392_long,,what movie was the song super freak in,< t d > ▁ < / t d > ▁
5162657301421912392_short,42:43,what movie was the song super freak in,<
5244521874868180615_long,,what was the result of the 1995 referendum held in quebec,▁a voir ▁offer t ▁form elle ment ▁au ▁canada ▁un ▁nouveau
5244521874868180615_short,83:84,what was the result of the 1995 referendum held in quebec,▁a
5295228314824351275_long,,who plays henry fox in a place to call home,""" 2 "" > ▁release ▁ < / th > ▁"
5295228314824351275_short,57:58,who plays henry fox in a place to call home,""""
5354793787345685154_long,,red cross got how many times nobel prize,"▁ , ▁the ▁karol in ska ▁institute t ▁ , ▁and"
5354793787345685154_short,97:98,red cross got how many times nobel prize,▁
5367101155376988781_long,,anti-parallel beta-sheets are more common than parallel ones,▁with ▁backbone ▁in ▁an ▁extended ▁conformation ▁ . ▁the ▁supra molecular
5367101155376988781_short,110:111,anti-parallel beta-sheets are more common than parallel ones,▁with
5372367347602070257_long,,where is radon found on the periodic table,▁color less ▁gas ▁ < / t d > ▁ <
5372367347602070257_short,61:62,where is radon found on the periodic table,▁color
542725811308191354_long,,how many mg of nicotine can kill you,t d > ▁emergency ▁medicine ▁ < / t d >
542725811308191354_short,36:37,how many mg of nicotine can kill you,t
5430011638927012059_long,,500 days of summer girl at the end,▁no vick ▁ < / li > ▁ < li >
5430011638927012059_short,49:50,500 days of summer girl at the end,▁no
5455259954335636518_long,,church architecture in western europe develops primarily from which of the following types of plans,< / li > ▁ < li > ▁2 ▁china ▁
5455259954335636518_short,100:101,church architecture in western europe develops primarily from which of the following types of plans,<
5464259133359463992_long,41:54,who eliminated from bigg boss telugu 2 yesterday,< tr > ▁ < t d > ▁name ▁ <
5464259133359463992_short,41:42,who eliminated from bigg boss telugu 2 yesterday,<
5478445368933023882_long,,what whisky is in johnnie walker blue label,< t d > ▁scotland ▁ < / t d >
5478445368933023882_short,49:50,what whisky is in johnnie walker blue label,<
5509115004294491239_long,,india’s supreme court has read down section 377 of the indian penal code,▁but ▁that ▁section ▁ 377 ▁remains ▁in ▁force ▁relating ▁to ▁sex
5509115004294491239_short,104:105,india’s supreme court has read down section 377 of the indian penal code,▁but
5553120089854170262_long,,who won this year's world series mvp,▁ < / t d > ▁ < / tr >
5553120089854170262_short,61:62,who won this year's world series mvp,▁
5704965044135150621_long,52:65,who is the quarterback for the broncos 2018,▁ < tr > ▁ < th > ▁home ▁field ▁
5704965044135150621_short,52:53,who is the quarterback for the broncos 2018,▁
591383795167539919_long,,when did europe change to driving on the right,"▁a ▁fundamental ▁element ▁to ▁traffic ▁flow ▁ , ▁it ▁is ▁sometimes"
591383795167539919_short,108:109,when did europe change to driving on the right,▁a
5926321958271744357_long,,who was the first president of council of state constituted under government of india act 1919,▁the ▁constituent ▁assembly ▁of ▁india ▁and ▁the ▁constituent ▁assembly ▁of ▁pakistan
5926321958271744357_short,110:111,who was the first president of council of state constituted under government of india act 1919,▁the
5962215690907729115_long,,money market instruments are securities a. with maturities of one year or less,/ tr > ▁ < tr > ▁ < t d
5962215690907729115_short,75:76,money market instruments are securities a. with maturities of one year or less,/
6026862874448345027_long,,who did the 76ers play in the playoffs,< / t d > ▁ < / tr > ▁
6026862874448345027_short,37:38,who did the 76ers play in the playoffs,<
6034422085903453063_long,,define the type of bonds formed in n2o4 and the name of this compound,"col s pan = "" 2 "" > ▁nitrogen ▁dioxide ▁at"
6034422085903453063_short,40:41,define the type of bonds formed in n2o4 and the name of this compound,col
614235396591414652_long,,when did oscar de la hoya won the gold medal,▁golden ▁boy ▁ < / t d > ▁ < /
614235396591414652_short,46:47,when did oscar de la hoya won the gold medal,▁golden
6170709165341391390_long,,where is most spent nuclear fuel is stored,▁ < tr > ▁ < t d > ▁ <
6170709165341391390_short,73:74,where is most spent nuclear fuel is stored,▁
6200146665861807611_long,,who won the english premier league in 2016,> ▁chelsea ▁5 th ▁premier ▁league ▁title ▁6 th ▁english ▁title
6200146665861807611_short,61:62,who won the english premier league in 2016,>
6217999213225495325_long,,where did tom brady go in the draft,"< th _ col s pan = "" 2 "" >"
6217999213225495325_short,54:55,where did tom brady go in the draft,<
6244104306165846098_long,,who won the superbowl last year and who did they play,▁ ) ▁ < / th > ▁ < / tr
6244104306165846098_short,55:56,who won the superbowl last year and who did they play,▁
6307387084414718104_long,,what are the artworks of the t'bolis in south cotabato,▁the ▁original ▁color ▁of ▁the ▁ aba ca ▁leaves ▁ .
6307387084414718104_short,79:80,what are the artworks of the t'bolis in south cotabato,▁the
6386368216346051300_long,,what is the difference between coulomb and viscous damping,▁1 ▁history ▁ < / li > ▁ < li >
6386368216346051300_short,93:94,what is the difference between coulomb and viscous damping,▁1
6530722205013478232_long,,what is full form of nda and upa,▁ < t d > ▁nar endra ▁mod i ▁ <
6530722205013478232_short,49:50,what is full form of nda and upa,▁
6541711301713226431_long,,name the first asian to swim from uk to france and cold weather,"▁victory ▁ , ▁portsmouth ▁guild hall ▁ , ▁portsmouth ▁cathedral ▁"
6541711301713226431_short,60:61,name the first asian to swim from uk to france and cold weather,▁victory
658106539066105120_long,,who was abbey clancy's partner in strictly,th > ▁spouse ▁ ( ▁ s ▁ ) ▁ <
658106539066105120_short,53:54,who was abbey clancy's partner in strictly,th
6617903387760170351_long,,where is the white rock in white rock bc,d > ▁ < / tr > ▁ < tr >
6617903387760170351_short,51:52,where is the white rock in white rock bc,d
6721033823743695296_long,,where did the niger river get its name,< / li > ▁ < li > ▁ jol iba
6721033823743695296_short,86:87,where did the niger river get its name,<
6801986500551995902_long,,thank god i'm a country boy song,▁ < / th > ▁ < / tr > ▁
6801986500551995902_short,54:55,thank god i'm a country boy song,▁
6816314025175489798_long,,richest country in africa by gdp per capita,( ▁september ▁2015 ▁ ) ▁ ( ▁learn ▁how ▁and ▁when
6816314025175489798_short,96:97,richest country in africa by gdp per capita,(
6903455298740107054_long,,who sang the theme tune to quantum of solace,t d > ▁ < / tr > ▁ < tr
6903455298740107054_short,50:51,who sang the theme tune to quantum of solace,t
693081083662158336_long,,who is leading in the senate race in massachusetts,/ tr > ▁ < / table > ▁ < /
693081083662158336_short,58:59,who is leading in the senate race in massachusetts,/
6937288477290520054_long,,when does day of the dead start in mexico,"▁ < t d > ▁mexico ▁ , ▁and ▁regions ▁with"
6937288477290520054_short,67:68,when does day of the dead start in mexico,▁
6941981636540706985_long,,t g sheppard do you want to go to heaven,"> ▁ "" ▁how ▁far ▁our ▁love ▁goes ▁ "" ▁"
6941981636540706985_short,53:54,t g sheppard do you want to go to heaven,>
7227713163557634880_long,,what season and episode does haley die in criminal minds,/ tr > ▁ < tr > ▁ < th >
7227713163557634880_short,58:59,what season and episode does haley die in criminal minds,/
7241074253049318888_long,,when is season 2 of the new legends of monkey coming out,▁ - ▁en ▁ < / t d > ▁ <
7241074253049318888_short,54:55,when is season 2 of the new legends of monkey coming out,▁
7294303183050707045_long,,which are the flood affected area in kerala,▁cause ▁ < / th > ▁ < t d >
7294303183050707045_short,55:56,which are the flood affected area in kerala,▁cause
7344351129603235605_long,,how much is the i-70 toll in kansas,/ tr > ▁ < tr > ▁ < t d
7344351129603235605_short,60:61,how much is the i-70 toll in kansas,/
7423161503331671045_long,,how many hatrick has messi scored against real madrid,▁ < h 2 > ▁contents ▁ < / h 2
7423161503331671045_short,115:116,how many hatrick has messi scored against real madrid,▁
7424042857240708361_long,51:65,it's my party and i cry if i want to,"> ▁ < th _ col s pan = "" 2"
7424042857240708361_short,51:52,it's my party and i cry if i want to,>
7432967214446639084_long,,elaborate the importance of entrance test in the universities in pakistan,▁that ▁educational ▁institutions ▁conduct ▁to ▁select ▁prospective ▁students ▁for ▁admission ▁
7432967214446639084_short,94:95,elaborate the importance of entrance test in the universities in pakistan,▁that
7517618431482920992_long,,when was the movie made name at least 3 awards that the movie won,/ tr > ▁ < tr > ▁ < th >
7517618431482920992_short,48:49,when was the movie made name at least 3 awards that the movie won,/
7537193362496034910_long,,who was the india's president when the nuclear test was conducted,th > ▁country ▁ < / th > ▁ < t
7537193362496034910_short,46:47,who was the india's president when the nuclear test was conducted,th
7657550422844217908_long,,im not gonna write tou a love song,> ▁ < / tr > ▁ < tr > ▁
7657550422844217908_short,46:47,im not gonna write tou a love song,>
7721992060545680748_long,85:134,who used the term untouchable for the first time,> ▁ < t d > ▁ < / t d
7721992060545680748_short,85:86,who used the term untouchable for the first time,>
780373493710848667_long,,who sang i came from a land down under,▁as ▁usual ▁ < / th > ▁ < / tr
780373493710848667_short,48:49,who sang i came from a land down under,▁as
7826148994851450630_long,,how much did kyle and kara win on the block,< t d > ▁61 ▁ < / t d >
7826148994851450630_short,49:50,how much did kyle and kara win on the block,<
7901163940863403168_long,,what's the highest number you can play for the mega millions,▁the ▁game ▁ ' s ▁initial ▁membership ▁ . ▁ )
7901163940863403168_short,117:118,what's the highest number you can play for the mega millions,▁the
7909023684769079165_long,,who was involved in the second battle of el alamein,▁len ▁ chet wyn ▁ ) ▁ < / t d
7909023684769079165_short,62:63,who was involved in the second battle of el alamein,▁len
7915935006622117208_long,,what impact did the reformation have on the development of the scientific revolution,▁publication ▁in ▁15 43 ▁of ▁nicola us ▁cop ern icus ▁
7915935006622117208_short,124:125,what impact did the reformation have on the development of the scientific revolution,▁publication
7919080561402978223_long,,almighty god to whom all hearts are open song,▁mass ▁ : ▁ < / p > ▁ < dl
7919080561402978223_short,110:111,almighty god to whom all hearts are open song,▁mass
7966724922739627775_long,,where is the battle of gettysburg located on a map,< / tr > ▁ < tr > ▁ < t
7966724922739627775_short,57:58,where is the battle of gettysburg located on a map,<
8009244943647758396_long,,when did the therapeutic use of horses approximately start in the u.s,. ▁modern ▁use ▁of ▁horses ▁for ▁mental ▁health ▁treatment ▁dates ▁to
8009244943647758396_short,108:109,when did the therapeutic use of horses approximately start in the u.s,.
8241570808696998156_long,,when was the last time the vikings won the super bowl,/ tr > ▁ < tr > ▁ < th _
8241570808696998156_short,59:60,when was the last time the vikings won the super bowl,/
8258383303168037984_long,,the arctic fox and the gray fox are examples of what type of speciation,t d > ▁ < / tr > ▁ < tr
8258383303168037984_short,50:51,the arctic fox and the gray fox are examples of what type of speciation,t
8286291456959361358_long,,greyfriars bobby the true story of a dog,t d > ▁ < / tr > ▁ < tr
8286291456959361358_short,73:74,greyfriars bobby the true story of a dog,t
8331555554770476753_long,,i don't want to be anyone other than me,"▁to ▁be ▁ "" ▁ < / th > ▁ <"
8331555554770476753_short,75:76,i don't want to be anyone other than me,▁to
8356167628835851659_long,,when did kid rock's first album come out,/ tr > ▁ < tr > ▁ < th >
8356167628835851659_short,55:56,when did kid rock's first album come out,/
8551333216125619008_long,,coat of arms of the republic of the congo,/ th > ▁ < / tr > ▁ < tr
8551333216125619008_short,85:86,coat of arms of the republic of the congo,/
8622726872540768274_long,,who heard voices which told her to help,▁ < / tr > ▁ < tr > ▁ <
8622726872540768274_short,63:64,who heard voices which told her to help,▁
8644948107288181312_long,,how many of the monkees group are still alive,t d > ▁ < / tr > ▁ < tr
8644948107288181312_short,72:73,how many of the monkees group are still alive,t
8688138342570059114_long,,performing arts high schools in los angeles county,"03 ▁ ′ ▁51 ▁ "" ▁ n ▁ 118 ▁"
8688138342570059114_short,59:60,performing arts high schools in los angeles county,03
876092600142019268_long,,how many slot machines at mgm grand las vegas,""" 2 "" > ▁ wiki media ▁ © ▁open street"
876092600142019268_short,57:58,how many slot machines at mgm grand las vegas,""""
8777415633185303067_long,54:64,the office episode when they sing to michael,tr > ▁ < th > ▁directed ▁by ▁ < /
8777415633185303067_short,54:55,the office episode when they sing to michael,tr
878451502616943786_long,64:74,song only in america by brooks and dunn,"> ▁ < th _ col s pan = "" 2"
878451502616943786_short,64:65,song only in america by brooks and dunn,>
8808974242947452932_long,,don't leave me alone david guetta and anne-marie,th > ▁ < / tr > ▁ < tr >
8808974242947452932_short,54:55,don't leave me alone david guetta and anne-marie,th
8838160678370847582_long,,when will the next episode of my hero academia be released,▁and ▁is ▁scout ed ▁by ▁the ▁world ▁ ' s ▁greatest
8838160678370847582_short,117:118,when will the next episode of my hero academia be released,▁and
8847717112932520020_long,,who's winning the governor race in maine,/ tr > ▁ < / table > ▁ < /
8847717112932520020_short,51:52,who's winning the governor race in maine,/
885665536597931885_long,,ease of doing business in states of india,> ▁ < li > ▁crime ▁rate ▁ < / li
885665536597931885_short,59:60,ease of doing business in states of india,>
8877554338842696237_long,,who was the winner of rising star 2017,▁1 ▁september ▁2017 ▁ < / t d > ▁ <
8877554338842696237_short,54:55,who was the winner of rising star 2017,▁1
8894307363746818563_long,,where are the highest mountains in the united states,▁ . ▁ < / p > ▁ < p >
8894307363746818563_short,122:123,where are the highest mountains in the united states,▁
8898704006223012351_long,,first little bone of the middle ear shaped like a hammer,"m pani ▁ , ▁viewed ▁from ▁within ▁ , ▁from ▁behind"
8898704006223012351_short,56:57,first little bone of the middle ear shaped like a hammer,m
8901598759301757038_long,,which of the following does not affect the radio communications on earth,▁ < / th > ▁ < / tr > ▁
8901598759301757038_short,76:77,which of the following does not affect the radio communications on earth,▁
8948288031943808715_long,,what were the four trends that pushed europe toward war,"▁despite ▁the ▁relatively ▁short ▁period ▁of ▁time ▁ , ▁this ▁period"
8948288031943808715_short,102:103,what were the four trends that pushed europe toward war,▁despite
8980113463461562294_long,,tokyo is the capital of this asian country,▁ < / tr > ▁ < tr > ▁ <
8980113463461562294_short,60:61,tokyo is the capital of this asian country,▁
8994564890124107395_long,,what are the different intensity scale of an earthquake,▁ < / li > ▁ < li > ▁intra plate
8994564890124107395_short,56:57,what are the different intensity scale of an earthquake,▁
900126738178451873_long,,why do you have to wear wigs in court,▁ . ▁ < / p > ▁ < h 2
900126738178451873_short,96:97,why do you have to wear wigs in court,▁
9043499022309600719_long,,what does why dont we call their fans,) ▁ < / th > ▁ < t d >
9043499022309600719_short,50:51,what does why dont we call their fans,)
9204032098950736962_long,,wwe mixed match challenge season 2 team names,th > ▁ < t d > ▁vince ▁mcmahon ▁ <
9204032098950736962_short,46:47,wwe mixed match challenge season 2 team names,th
9212083134098244596_long,,meaning of the name peniel in the bible,"▁ pn iel ▁ , ▁ pn uel ▁ ; ▁hebrew"
9212083134098244596_short,93:94,meaning of the name peniel in the bible,▁
930196817123445627_long,,what is one letter in the spanish alphabet that is not found in the english alphabet,▁century ▁ < / t d > ▁ < / tr
930196817123445627_short,72:73,what is one letter in the spanish alphabet that is not found in the english alphabet,▁century
934950704129184964_long,,how many season of last man standing are there,▁ < / th > ▁ < t d > ▁jack
934950704129184964_short,49:50,how many season of last man standing are there,▁
958723574737344087_long,,what's the average industrial wage in ireland,2 > ▁contents ▁ < / h 2 > ▁ <
958723574737344087_short,98:99,what's the average industrial wage in ireland,2
